"Neighborhood","Community","ID","Neighborhood Abbreviation","Labor Force Participation Rate","Employment Rate","Private Employment Rate","Government Employment Rate","Self-Employment Rate","Median Income","Poverty Rate","Total Persons","Male Persons","Percent Male Persons","Female Persons","Percent Female Persons","Age < 24","Percent Age < 24","Age 25 to 44","Percent Age 25 to 44","Age 45 to 64","Percent Age 45 to 64","Age 65 >","Percent Age 65 >","White","Percent White","Black","Percent Black","Latinx","Percent Latinx","Asian","Percent Asian","Other","Percent Other","Total Occupancy Units","Occupied Units","Percent Occupied Units","Vacant Units","Percent Vacant Units","Other Vacant Units","Percent Other Vacant Units","Total Units in Structure","1 Unit Structure","Percent 1 Unit Structure","2 Unit Structure","Percent 2 Unit Structure","3 to 19 Unit Structure","Percent 3 to 19 Unit Structure","20 or More Unit Structure","Percent 20 or More Unit Structure","Built 2000-2015","Percent Built 2000-2015","Built 1970-1999","Percent Built 1970-1999","Built 1940-1969","Percent Built 1940-1969","Built Before 1940","Percent Built Before 1940","Owner Tenure","Percent Owner Tenure","Renter Tenure","Percent Renter Tenure","0 Available Vehicle","Percent 0 Available Vehicle","1 Available Vehicle","Percent 1 Available Vehicle","2 orMore Available Vehicle","Percent 2 or More Available Vehicle","Median Value for Cost-Burdened Owners","Total Cost Burdened Owners","30%+ Cost Burdened Owners","Share Cost Burdened Owners","Median Value for Rent-Burdened Renters","Total Rent Burdened Renters","30%+ Rent-Burdened Renters","Share Rent-Burdened Renters","Family Households","Percent Family Households","Family W/Children Households","Percent Family W/Children Households","Married Family W/Children Households","Percent Married Family W/ Children Households","Single Person Households","Percent Single Person Households","Foreign Born","Percent Foreign Born","< High School Education","Percent < High School Education","High School Education","Percent High School Education","Associates Education","Percent Associates Education","Bachelors Education","Percent Bachelors Education","Graduate Education","Percent Graduate Education","Total Households","Total Family Households W/ Children Under 18","Percent Family Households W/ Children Under 18","Total Married Couple Households W/ Children Under 18","Percent Married Couple Households W/ Children Under 18","Total Female Householder W/ Children Under 18","Percent Female Householder W/ Children Under 18","Total Male Householder W/ Children Under 18","Percent Male Householder W/ Children Under 18","Total Family Households W/Out Children Under 18","Percent Family Households W/Out Children Under 18","Total Married Couple W/Out Children Under 18","Percent Married Couple W/Out Children Under 18","Total Female Family Householder W/Out Children Under 18","Percent Female Family Householder W/Out Children Under 18","Total Male Family Householder W/Out Children Under 18","Percent Male Family Householder W/Out Children Under 18","Total Non-Family Households","Percent Non-Family Households","Total Living Alone","Percent Living Alone","Total Not Living Alone","Percent Not Living Alone","Total Living Alone Senior","Percent Living Alone Senior","Latitude","Longitude","New Georeferenced Column"
"Central","Central","1","CN","55.17%","93.43%","80.41%","16.76%","2.83%","54,390","19.52%","3,458","1,928","55.75%","1,530","44.25%","811","23.45%","1,328","38.4%","858","24.81%","461","13.33%","1,656","47.89%","986","28.51%","707","20.45%","58","1.68%","51","1.47%","1,957","1,631","83.34%","326","16.66%","96","4.91%","1,953","203","10.39%","61","3.12%","318","16.28%","1,371","70.2%","289","14.77%","460","23.51%","625","31.94%","583","29.79%","356","21.83%","1,275","78.17%","270","16.55%","879","53.89%","482","29.55%","372,700","356","96","26.97%","742.3132911","1,264","369","29.19%","663","40.65%","259","15.88%","72","4.41%","761","46.66%","174.51417","10.7%","237.8413298","14.58%","581.0476011","35.63%","147.2644503","9.03%","330.266717","20.25%","334.5799018","20.51%","1,631","259","15.88%","72","27.8%","164","63.32%","23","8.88%","404","24.77%","275","68.07%","107","26.49%","22","5.45%","968","59.35%","761","78.62%","207","21.38%","184","19.01%","42.87596621","-78.87725","(42.87596621, -78.87725)"
"Elmwood Bidwell","West","6","EBW","66.01%","94.02%","80.12%","15.57%","4.31%","56,150","18.24%","15,804","7,405","46.86%","8,399","53.14%","6,500","41.13%","4,699","29.73%","2,948","18.65%","1,657","10.48%","11,039","69.85%","2,548","16.12%","1,066","6.75%","699","4.42%","452","2.86%","7,143","6,170","86.38%","973","13.62%","689","9.65%","7,143","2,000","28%","2,703","37.84%","1,712","23.97%","728","10.19%","76","1.06%","322","4.51%","787","11.02%","5,958","83.41%","2,601","42.16%","3,569","57.84%","878","14.23%","2,869","46.5%","2,423","39.27%","208,378.4314","2,572","523","20.33%","826.3239075","3,429","1,423","41.5%","2,707","43.87%","1,150","18.64%","668","10.83%","2,386","38.67%","529.3925588","8.58%","421.7669819","6.84%","1,612.794497","26.14%","567.661221","9.2%","1,702.983663","27.6%","1,864.793637","30.22%","6,177","537","8.69%","401","74.67%","98","18.25%","38","7.08%","931","15.07%","636","68.31%","136","14.61%","159","17.08%","4,709","76.23%","3,738","79.38%","971","20.62%","1,103","23.42%","42.9245109","-78.8745306","(42.9245109, -78.8745306)"
"Riverside","North","11","RS","56.06%","95.04%","80.33%","16.14%","3.52%","21,570","45.32%","10,703","4,891","45.7%","5,812","54.3%","4,426","41.35%","2,911","27.2%","2,528","23.62%","838","7.83%","5,261","49.15%","1,428","13.34%","2,407","22.49%","1,112","10.39%","495","4.62%","4,831","4,130","85.49%","701","14.51%","504","10.43%","4,831","2,050","42.43%","2,100","43.47%","564","11.67%","117","2.42%","28","0.58%","138","2.86%","1,669","34.55%","2,996","62.02%","1,540","37.29%","2,590","62.71%","1,457","35.28%","1,746","42.28%","927","22.45%","55,546.1039","1,488","355","23.86%","674.0581583","2,228","1,339","60.1%","2,378","57.58%","1,398","33.85%","595","14.41%","1,453","35.18%","601.1903205","14.56%","944.1691891","22.86%","2,358.120121","57.1%","417.8030906","10.12%","298.7127609","7.23%","111.1948383","2.69%","4,130","1,398","33.85%","595","42.56%","640","45.78%","163","11.66%","980","23.73%","589","60.1%","337","34.39%","54","5.51%","1,752","42.42%","1,453","82.93%","299","17.07%","289","16.5%","42.95494996","-78.90191565","(42.95494996, -78.90191565)"
"Fruit Belt","East","25","FB","40.25%","89.76%","75.15%","14.04%","10.82%","25,350","28.03%","2,296","1,028","44.77%","1,268","55.23%","666","29.01%","347","15.11%","694","30.23%","589","25.65%","265","11.54%","1,903","82.88%","93","4.05%","0","0%","35","1.52%","1,333","854","64.07%","479","35.93%","406","30.46%","1,333","625","46.89%","376","28.21%","204","15.3%","128","9.6%","80","6%","131","9.83%","298","22.36%","824","61.82%","385","45.08%","469","54.92%","335","39.23%","353","41.33%","166","19.44%","82,300","385","94","24.42%","684","460","249","54.13%","523","61.24%","212","24.82%","0","0%","315","36.89%","10.78658537","1.26%","203.807362","23.87%","459.4834356","53.8%","55.53619632","6.5%","84.35214724","9.88%","50.8208589","5.95%","854","212","24.82%","0","0%","172","81.13%","40","18.87%","311","36.42%","161","51.77%","141","45.34%","9","2.89%","331","38.76%","315","95.17%","16","4.83%","164","49.55%","42.89916002","-78.86060503","(42.89916002, -78.86060503)"
"Pratt-Willert","East","26","PW","54.55%","91.15%","74.74%","23.28%","1.98%","26,330","30.65%","4,772","1,777","37.24%","2,995","62.76%","1,406","29.46%","1,160","24.31%","1,312","27.49%","894","18.73%","285","5.97%","4,042","84.7%","219","4.59%","44","0.92%","182","3.81%","3,086","2,631","85.26%","455","14.74%","172","5.57%","3,086","948","30.72%","307","9.95%","949","30.75%","882","28.58%","495","16.04%","1,160","37.59%","853","27.64%","578","18.73%","636","24.17%","1,995","75.83%","1,229","46.71%","1,116","42.42%","286","10.87%","81,355.66038","636","158","24.84%","468.3527623","1,958","1,024","52.3%","1,135","43.14%","552","20.98%","72","2.74%","1,422","54.05%","66.16093881","2.51%","489.3065954","18.6%","1,324.098039","50.33%","258.7228164","9.83%","298.5864528","11.35%","260.2860963","9.89%","2,631","552","20.98%","72","13.04%","453","82.07%","27","4.89%","583","22.16%","247","42.37%","271","46.48%","65","11.15%","1,496","56.86%","1,422","95.05%","74","4.95%","556","37.17%","42.88710591","-78.86013401","(42.88710591, -78.86013401)"
"University Heights","North","15","UH","56.76%","92.2%","77.32%","19.68%","3%","42,130","35.21%","10,377","5,565","53.63%","4,812","46.37%","5,174","49.86%","2,348","22.63%","2,102","20.26%","753","7.26%","3,723","35.88%","3,976","38.32%","725","6.99%","1,657","15.97%","296","2.85%","4,233","3,568","84.29%","665","15.71%","396","9.36%","4,233","2,048","48.38%","1,625","38.39%","414","9.78%","146","3.45%","56","1.32%","150","3.54%","949","22.42%","3,078","72.71%","1,517","42.52%","2,051","57.48%","1,035","29.01%","1,329","37.25%","1,204","33.74%","78,084.00529","1,517","281","18.52%","813.8225966","1,944","1,243","63.94%","1,642","46.02%","784","21.97%","300","8.41%","980","27.47%","566.9877614","15.89%","316.820296","8.88%","1,782.285604","49.95%","434.084951","12.17%","521.1762445","14.61%","513.6329041","14.4%","3,568","784","21.97%","300","38.27%","484","61.73%","0","0%","858","24.05%","429","50%","290","33.8%","139","16.2%","1,926","53.98%","980","50.88%","946","49.12%","306","15.89%","42.95099497","-78.82064483","(42.95099497, -78.82064483)"
"Delavan Grider","East","21","DG","51.29%","86.54%","75.77%","18.82%","5.41%","28,370","29.43%","5,501","2,300","41.81%","3,201","58.19%","1,919","34.88%","1,020","18.54%","1,544","28.07%","1,018","18.51%","102","1.85%","5,104","92.78%","56","1.02%","0","0%","239","4.34%","3,045","2,384","78.29%","661","21.71%","441","14.48%","3,026","1,406","46.46%","1,553","51.32%","56","1.85%","11","0.36%","71","2.33%","81","2.66%","881","28.93%","2,012","66.08%","1,137","47.69%","1,247","52.31%","668","28.02%","1,103","46.27%","613","25.71%","38,352.06684","1,117","256","22.92%","719.7571305","1,115","762","68.34%","1,509","63.3%","610","25.59%","63","2.64%","798","33.47%","41.17069624","1.73%","398.6644333","16.72%","1,329.768844","55.78%","301.4941374","12.65%","235.6046901","9.88%","118.467895","4.97%","2,384","610","25.59%","63","10.33%","536","87.87%","11","1.8%","899","37.71%","420","46.72%","386","42.94%","93","10.34%","875","36.7%","798","91.2%","77","8.8%","226","25.83%","42.92194006","-78.83156452","(42.92194006, -78.83156452)"
"Kaisertown","South","30","KT","62.39%","92.77%","77.64%","18.87%","3.49%","41,280","15.14%","5,180","2,493","48.13%","2,687","51.87%","1,345","25.97%","1,341","25.89%","1,710","33.01%","784","15.14%","4,492","86.72%","237","4.58%","341","6.58%","0","0%","110","2.12%","2,833","2,437","86.02%","396","13.98%","353","12.46%","2,833","1,608","56.76%","954","33.67%","243","8.58%","28","0.99%","24","0.85%","69","2.44%","1,304","46.03%","1,436","50.69%","1,683","69.06%","754","30.94%","541","22.2%","1,062","43.58%","834","34.22%","66,924.18301","1,607","245","15.25%","692.1818182","703","383","54.48%","1,170","48.01%","438","17.97%","241","9.89%","1,053","43.21%","119.0272201","4.88%","339.9726206","13.95%","1,285.54133","52.75%","373.6521512","15.33%","319.0023468","13.09%","118.8315515","4.88%","2,437","438","17.97%","241","55.02%","168","38.36%","29","6.62%","732","30.04%","541","73.91%","142","19.4%","49","6.69%","1,267","51.99%","1,053","83.11%","214","16.89%","378","29.83%","42.87116397","-78.80937785","(42.87116397, -78.80937785)"
"Lower West Side","West","2","LWS","53.92%","91.68%","79.93%","18.35%","1.71%","18,340","46.55%","6,340","2,712","42.78%","3,628","57.22%","2,428","38.3%","1,778","28.04%","1,487","23.45%","647","10.21%","1,386","21.86%","1,454","22.93%","3,220","50.79%","27","0.43%","253","3.99%","3,276","2,899","88.49%","377","11.51%","307","9.37%","3,254","628","19.3%","1,034","31.78%","833","25.6%","759","23.33%","339","10.35%","754","23.02%","636","19.41%","1,547","47.22%","561","19.35%","2,338","80.65%","1,371","47.29%","1,017","35.08%","511","17.63%","128,305.3476","554","127","22.92%","592.3890591","2,247","1,416","63.02%","1,463","50.47%","1,021","35.22%","251","8.66%","1,225","42.26%","192.0473186","6.62%","781.0700409","26.94%","1,348.716769","46.52%","277.8949387","9.59%","286.7875767","9.89%","204.5306748","7.06%","2,899","1,021","35.22%","251","24.58%","751","73.56%","19","1.86%","442","15.25%","148","33.48%","218","49.32%","76","17.19%","1,436","49.53%","1,225","85.31%","211","14.69%","332","23.12%","42.89269228","-78.88538022","(42.89269228, -78.88538022)"
"Elmwood Bryant","West","7","EBR","65.21%","93.62%","76.48%","18.07%","5.46%","40,520","23.95%","10,632","5,604","52.71%","5,028","47.29%","2,321","21.83%","4,110","38.66%","2,355","22.15%","1,846","17.36%","6,775","63.72%","1,639","15.42%","838","7.88%","1,034","9.73%","346","3.25%","7,309","6,177","84.51%","1,132","15.49%","622","8.51%","7,273","1,044","14.35%","1,119","15.39%","2,450","33.69%","2,660","36.57%","62","0.85%","849","11.62%","1,292","17.68%","5,106","69.86%","1,427","23.1%","4,750","76.9%","1,774","28.72%","2,846","46.07%","1,557","25.21%","219,902.6629","1,416","173","12.22%","752.7196322","4,573","1,999","43.71%","1,468","23.77%","537","8.69%","401","6.49%","3,738","60.51%","787.2305305","12.74%","749.1777163","12.13%","1,697.541571","27.48%","412.4936831","6.68%","1,671.528456","27.06%","1,646.258573","26.65%","6,170","1,150","18.64%","668","58.09%","360","31.3%","122","10.61%","1,557","25.24%","1,132","72.7%","318","20.42%","107","6.87%","3,463","56.13%","2,386","68.9%","1,077","31.1%","505","14.58%","42.90956382","-78.87597799","(42.90956382, -78.87597799)"
"Lovejoy","East","29","LJ","60.07%","86.95%","85.3%","9.38%","5.32%","28,780","34.4%","7,852","3,645","46.42%","4,207","53.58%","2,658","33.85%","2,219","28.26%","1,966","25.04%","1,009","12.85%","5,971","76.04%","1,142","14.54%","465","5.92%","50","0.64%","224","2.85%","3,850","3,200","83.12%","650","16.88%","566","14.7%","3,832","1,580","41.23%","1,938","50.57%","228","5.95%","86","2.24%","14","0.36%","187","4.86%","883","22.94%","2,766","71.84%","1,402","43.81%","1,798","56.19%","971","30.34%","1,484","46.38%","745","23.28%","48,641.94009","1,396","271","19.41%","595.2619048","1,623","954","58.78%","1,856","58%","966","30.19%","178","5.56%","1,116","34.88%","83.138054","2.6%","599.4609164","18.73%","2,027.570273","63.36%","320.3696573","10.01%","202.6954178","6.33%","49.90373508","1.56%","3,200","966","30.19%","178","18.43%","611","63.25%","177","18.32%","890","27.81%","548","61.57%","221","24.83%","121","13.6%","1,344","42%","1,116","83.04%","228","16.96%","425","31.62%","42.88758439","-78.81209403","(42.88758439, -78.81209403)"
"Fillmore-Leroy","East","22","FL","47.29%","82.79%","84.3%","12.37%","3.33%","22,910","45.55%","5,458","2,566","47.01%","2,892","52.99%","1,974","36.17%","1,446","26.49%","1,171","21.45%","867","15.88%","569","10.43%","4,289","78.58%","229","4.2%","139","2.55%","232","4.25%","2,826","2,465","87.23%","361","12.77%","246","8.7%","2,815","1,155","41.03%","1,126","40%","357","12.68%","177","6.29%","105","3.72%","276","9.77%","574","20.31%","1,871","66.21%","1,033","41.91%","1,432","58.09%","1,006","40.81%","1,105","44.83%","354","14.36%","48,852.17812","984","370","37.6%","714.3956835","1,346","903","67.09%","1,351","54.81%","666","27.02%","82","3.33%","975","39.55%","140.9087578","5.72%","435.1248565","17.65%","1,412.210103","57.29%","188.9078645","7.66%","273.8102755","11.11%","154.9469001","6.29%","2,465","666","27.02%","82","12.31%","434","65.17%","150","22.52%","685","27.79%","222","32.41%","371","54.16%","92","13.43%","1,114","45.19%","975","87.52%","139","12.48%","416","37.34%","42.93307529","-78.83539765","(42.93307529, -78.83539765)"
"Seneca-Cazenovia","South","34","SC","58.59%","87.63%","82.61%","15.1%","2.29%","38,300","23.6%","8,522","4,418","51.84%","4,104","48.16%","2,611","30.64%","2,636","30.93%","2,178","25.56%","1,097","12.87%","7,081","83.09%","570","6.69%","406","4.76%","198","2.32%","267","3.13%","4,146","3,631","87.58%","515","12.42%","261","6.3%","4,146","1,512","36.47%","2,149","51.83%","293","7.07%","192","4.63%","73","1.76%","159","3.84%","1,437","34.66%","2,477","59.74%","1,657","45.63%","1,974","54.37%","840","23.13%","1,701","46.85%","1,090","30.02%","70,952.44418","1,657","246","14.85%","710.5043747","1,877","1,011","53.86%","1,915","52.74%","848","23.35%","344","9.47%","1,468","40.43%","147.847571","4.07%","622.2640839","17.14%","2,105.132296","57.98%","344.6102182","9.49%","431.8377601","11.89%","127.155642","3.5%","3,631","848","23.35%","344","40.57%","352","41.51%","152","17.92%","1,067","29.39%","736","68.98%","267","25.02%","64","6%","1,716","47.26%","1,468","85.55%","248","14.45%","465","27.1%","42.85693861","-78.80919518","(42.85693861, -78.80919518)"
"Black Rock","North","10","BR","32.84%","87.6%","72.89%","27.11%","0%","24,550","35.42%","3,978","2,028","50.98%","1,950","49.02%","1,560","39.22%","1,141","28.68%","868","21.82%","409","10.28%","1,862","46.81%","438","11.01%","1,349","33.91%","185","4.65%","144","3.62%","1,931","1,679","86.95%","252","13.05%","174","9.01%","1,927","604","31.34%","701","36.38%","252","13.08%","370","19.2%","36","1.86%","304","15.74%","261","13.52%","1,330","68.88%","510","30.38%","1,169","69.62%","726","43.24%","687","40.92%","266","15.84%","44,400","491","77","15.68%","586","1,114","569","51.08%","910","54.2%","583","34.72%","231","13.76%","704","41.93%","107.2061337","6.39%","439.5397022","26.18%","918.6588089","54.71%","115.9607113","6.91%","173.5938792","10.34%","31.24689826","1.86%","1,679","583","34.72%","231","39.62%","326","55.92%","26","4.46%","327","19.48%","216","66.06%","46","14.07%","65","19.88%","769","45.8%","704","91.55%","65","8.45%","209","27.18%","42.93928419","-78.90182692","(42.93928419, -78.90182692)"
"Central Park","North","14","CP","51.68%","85.42%","82.63%","16.47%","0.9%","61,940","14.32%","5,878","2,983","50.75%","2,895","49.25%","1,161","19.75%","2,135","36.32%","1,839","31.29%","743","12.64%","4,546","77.34%","895","15.23%","177","3.01%","98","1.67%","162","2.76%","2,673","2,431","90.95%","242","9.05%","182","6.81%","2,673","1,393","52.11%","802","30%","300","11.22%","178","6.66%","116","4.34%","95","3.55%","940","35.17%","1,522","56.94%","1,468","60.39%","963","39.61%","333","13.7%","755","31.06%","1,343","55.24%","167,500","1,468","225","15.33%","871","801","375","46.82%","1,288","52.98%","433","17.81%","251","10.32%","812","33.4%","196.0350459","8.06%","110.2891668","4.54%","952.4036464","39.18%","164.4030104","6.76%","695.2340471","28.6%","508.6701293","20.92%","2,431","433","17.81%","251","57.97%","150","34.64%","32","7.39%","855","35.17%","693","81.05%","42","4.91%","120","14.04%","1,143","47.02%","812","71.04%","331","28.96%","149","13.04%","42.94803807","-78.83727408","(42.94803807, -78.83727408)"
"West Side","West","3","WS","47.06%","88.19%","80.25%","13.85%","5.9%","20,040","48.49%","10,455","5,380","51.46%","5,075","48.54%","4,168","39.87%","3,151","30.14%","2,097","20.06%","1,039","9.94%","3,301","31.57%","1,742","16.66%","3,440","32.9%","1,492","14.27%","480","4.59%","5,267","4,299","81.62%","968","18.38%","728","13.82%","5,252","1,237","23.55%","2,564","48.82%","985","18.75%","466","8.87%","67","1.27%","450","8.54%","753","14.3%","3,997","75.89%","1,475","34.31%","2,824","65.69%","1,846","42.94%","1,678","39.03%","775","18.03%","84,118.84746","1,475","461","31.25%","658.0561224","2,531","1,731","68.39%","2,043","47.52%","1,243","28.91%","675","15.7%","1,954","45.45%","1,030.444189","23.97%","1,358.694608","31.6%","1,831.194847","42.6%","202.4024177","4.71%","544.9821855","12.68%","361.7259424","8.41%","4,299","1,243","28.91%","675","54.3%","399","32.1%","169","13.6%","800","18.61%","420","52.5%","246","30.75%","134","16.75%","2,256","52.48%","1,954","86.61%","302","13.39%","608","26.95%","42.90553428","-78.89268387","(42.90553428, -78.89268387)"
"Hopkins-Tifft","South","33","HT","65.48%","90.92%","86.05%","11.23%","2.72%","36,960","28.07%","7,080","3,704","52.32%","3,376","47.68%","2,469","34.87%","1,982","27.99%","1,813","25.61%","816","11.53%","4,871","68.8%","435","6.14%","1,319","18.63%","166","2.34%","289","4.08%","3,116","2,757","88.48%","359","11.52%","250","8.02%","3,116","1,490","47.82%","1,398","44.87%","194","6.23%","34","1.09%","21","0.67%","150","4.81%","989","31.74%","1,956","62.77%","1,476","53.54%","1,281","46.46%","291","10.55%","1,645","59.67%","821","29.78%","59,417.07317","1,476","331","22.43%","682.5722357","1,217","671","55.14%","1,731","62.79%","914","33.15%","348","12.62%","782","28.36%","108.2550847","3.93%","397.6154847","14.42%","1,754.291477","63.63%","254.7130774","9.24%","262.4860117","9.52%","87.89394925","3.19%","2,757","914","33.15%","348","38.07%","431","47.16%","135","14.77%","817","29.63%","507","62.06%","109","13.34%","201","24.6%","1,026","37.21%","782","76.22%","244","23.78%","304","29.63%","42.8461645","-78.84195621","(42.8461645, -78.84195621)"
"South Park","South","35","SP","68.63%","94.37%","75.08%","22.12%","2.8%","55,720","11.89%","15,433","7,302","47.31%","8,131","52.69%","4,432","28.72%","4,383","28.4%","4,344","28.15%","2,274","14.73%","13,912","90.14%","464","3.01%","865","5.6%","69","0.45%","123","0.8%","6,994","6,431","91.95%","563","8.05%","338","4.83%","6,994","4,285","61.27%","2,200","31.46%","451","6.45%","58","0.83%","0","0%","232","3.32%","2,841","40.62%","3,921","56.06%","4,543","70.64%","1,888","29.36%","583","9.07%","2,757","42.87%","3,091","48.06%","93,177.81202","4,517","694","15.36%","727.5325714","1,693","645","38.1%","3,911","60.81%","1,644","25.56%","1,078","16.76%","1,994","31.01%","269.191084","4.19%","515.0178166","8.01%","3,197.670212","49.72%","841.7998364","13.09%","1,058.680211","16.46%","817.8319244","12.72%","6,431","1,644","25.56%","1,078","65.57%","525","31.93%","41","2.49%","2,267","35.25%","1,476","65.11%","503","22.19%","288","12.7%","2,520","39.19%","1,994","79.13%","526","20.87%","768","30.48%","42.84272569","-78.81352847","(42.84272569, -78.81352847)"
"Schiller Park","East","18","SHP","56.77%","85.49%","81.99%","14.61%","3.4%","24,020","43.96%","9,772","4,332","44.33%","5,440","55.67%","4,303","44.03%","2,353","24.08%","2,282","23.35%","834","8.53%","1,071","10.96%","7,706","78.86%","504","5.16%","205","2.1%","286","2.93%","4,650","3,812","81.98%","838","18.02%","503","10.82%","4,650","2,151","46.26%","2,180","46.88%","198","4.26%","121","2.6%","110","2.37%","332","7.14%","1,325","28.49%","2,883","62%","1,437","37.7%","2,375","62.3%","1,429","37.49%","1,563","41%","820","21.51%","38,538.34377","1,437","543","37.79%","739.7289799","2,180","1,570","72.02%","2,399","62.93%","1,308","34.31%","264","6.93%","1,318","34.58%","159.9386001","4.2%","869.1833973","22.8%","2,126.606692","55.79%","377.0875846","9.89%","287.8690803","7.55%","151.2532456","3.97%","3,812","1,308","34.31%","264","20.18%","911","69.65%","133","10.17%","1,091","28.62%","553","50.69%","487","44.64%","51","4.67%","1,413","37.07%","1,318","93.28%","95","6.72%","353","24.98%","42.91334028","-78.80554586","(42.91334028, -78.80554586)"
"Hamlin Park","East","23","HP","53.39%","88.14%","80.33%","14.83%","4.84%","27,860","36.95%","7,284","3,312","45.47%","3,972","54.53%","3,752","51.51%","1,311","18%","1,214","16.67%","1,007","13.82%","1,584","21.75%","5,240","71.94%","159","2.18%","161","2.21%","140","1.92%","2,972","2,400","80.75%","572","19.25%","318","10.7%","2,942","850","28.89%","1,789","60.81%","240","8.16%","63","2.14%","30","1.01%","109","3.67%","666","22.41%","2,167","72.91%","973","40.54%","1,427","59.46%","683","28.46%","1,014","42.25%","703","29.29%","63,654.47071","967","252","26.06%","821.5287714","1,188","785","66.08%","1,512","63%","807","33.63%","190","7.92%","639","26.63%","149.9176277","6.25%","326.8403171","13.62%","1,513.250283","63.05%","180.0679502","7.5%","239.184598","9.97%","140.6568516","5.86%","2,400","807","33.63%","190","23.54%","525","65.06%","92","11.4%","705","29.38%","298","42.27%","295","41.84%","112","15.89%","888","37%","639","71.96%","249","28.04%","302","34.01%","42.92116104","-78.84850441","(42.92116104, -78.84850441)"
"Broadway Fillmore","East","28","BF","51.9%","79.11%","78.53%","15.79%","5.67%","18,940","45.39%","10,285","4,969","48.31%","5,316","51.69%","3,846","37.39%","2,605","25.33%","2,552","24.81%","1,282","12.46%","1,855","18.04%","6,270","60.96%","282","2.74%","1,384","13.46%","494","4.8%","6,217","4,411","70.95%","1,806","29.05%","1,397","22.47%","6,212","2,151","34.63%","2,722","43.82%","901","14.5%","438","7.05%","113","1.82%","799","12.85%","1,128","18.14%","4,177","67.19%","1,810","41.03%","2,601","58.97%","1,920","43.53%","1,691","38.34%","800","18.14%","33,239.28177","1,788","492","27.52%","568.9556084","2,397","1,821","75.97%","2,149","48.72%","1,188","26.93%","351","7.96%","2,113","47.9%","601.2855615","13.63%","1,113.196925","25.24%","2,415.466066","54.76%","386.3649635","8.76%","324.71098","7.36%","171.2610654","3.88%","4,411","1,188","26.93%","351","29.55%","647","54.46%","190","15.99%","961","21.79%","424","44.12%","387","40.27%","150","15.61%","2,262","51.28%","2,113","93.41%","149","6.59%","678","29.97%","42.89030115","-78.83955811","(42.89030115, -78.83955811)"
"North Park","North","13","NP","67.34%","92.54%","81.53%","14.49%","3.97%","53,870","11.48%","16,990","8,404","49.46%","8,586","50.54%","4,025","23.69%","6,468","38.07%","4,240","24.96%","2,257","13.28%","12,400","72.98%","2,210","13.01%","1,579","9.29%","486","2.86%","315","1.85%","8,674","8,005","92.29%","669","7.71%","432","4.98%","8,647","2,922","33.79%","4,229","48.91%","1,114","12.88%","382","4.42%","94","1.08%","778","8.97%","2,606","30.04%","5,196","59.9%","3,850","48.09%","4,155","51.91%","1,093","13.65%","3,711","46.36%","3,201","39.99%","131,960.3896","3,850","786","20.42%","791.8731491","3,973","1,596","40.17%","3,751","46.86%","1,330","16.61%","792","9.89%","3,041","37.99%","578.5838729","7.23%","885.3968376","11.06%","3,057.521018","38.2%","890.33629","11.12%","1,973.928654","24.66%","1,197.8172","14.96%","8,005","1,330","16.61%","792","59.55%","416","31.28%","122","9.17%","2,421","30.24%","1,549","63.98%","571","23.59%","301","12.43%","4,254","53.14%","3,041","71.49%","1,213","28.51%","678","15.94%","42.95113077","-78.86083114","(42.95113077, -78.86083114)"
"Parkside","North","8","PS","70.61%","95.67%","81.78%","15.63%","2.59%","54,000","14.03%","8,378","3,981","47.52%","4,397","52.48%","2,798","33.4%","2,275","27.15%","2,263","27.01%","1,042","12.44%","6,142","73.31%","1,272","15.18%","463","5.53%","263","3.14%","238","2.84%","4,077","3,589","88.03%","488","11.97%","308","7.55%","4,077","1,483","36.37%","1,229","30.14%","807","19.79%","558","13.69%","28","0.69%","287","7.04%","976","23.94%","2,786","68.33%","1,769","49.29%","1,820","50.71%","654","18.22%","1,573","43.83%","1,362","37.95%","224,601.0741","1,760","351","19.94%","753.4417693","1,718","725","42.2%","1,704","47.48%","821","22.88%","581","16.19%","1,495","41.66%","252.7464789","7.04%","216.111828","6.02%","1,152.596416","32.11%","263.0646953","7.33%","903.0387097","25.16%","1,054.188351","29.37%","3,589","821","22.88%","581","70.77%","184","22.41%","56","6.82%","883","24.6%","674","76.33%","159","18.01%","50","5.66%","1,885","52.52%","1,495","79.31%","390","20.69%","269","14.27%","42.9366575","-78.86002662","(42.9366575, -78.86002662)"
"Upper West Side","West","4","UWS","53.18%","93.66%","84.02%","13.57%","2.4%","31,390","46.96%","10,278","5,281","51.38%","4,997","48.62%","4,778","46.49%","3,060","29.77%","1,752","17.05%","688","6.69%","2,682","26.09%","2,878","28%","2,401","23.36%","1,611","15.67%","706","6.87%","3,953","3,104","78.52%","849","21.48%","694","17.56%","3,931","1,216","30.93%","2,035","51.77%","556","14.14%","124","3.15%","55","1.39%","182","4.6%","599","15.15%","3,117","78.85%","896","28.87%","2,208","71.13%","961","30.96%","1,542","49.68%","601","19.36%","61,196.09375","896","130","14.51%","740.7568681","2,137","1,282","59.99%","2,002","64.5%","1,312","42.27%","607","19.56%","803","25.87%","1,012.620354","32.62%","970.7054545","31.27%","1,403.008","45.2%","208.2501818","6.71%","373.0443636","12.02%","148.992","4.8%","3,104","1,312","42.27%","607","46.27%","563","42.91%","142","10.82%","690","22.23%","308","44.64%","240","34.78%","142","20.58%","1,102","35.5%","803","72.87%","299","27.13%","265","24.05%","42.92292466","-78.89340362","(42.92292466, -78.89340362)"
"Genesee-Moselle","East","19","GM","52.79%","80.67%","81.09%","15.59%","3.32%","22,080","46.99%","6,911","3,263","47.21%","3,648","52.79%","2,696","39.01%","1,670","24.16%","1,844","26.68%","701","10.14%","1,048","15.16%","5,192","75.13%","306","4.43%","256","3.7%","109","1.58%","3,848","2,822","73.34%","1,026","26.66%","802","20.84%","3,848","1,371","35.63%","2,119","55.07%","276","7.17%","82","2.13%","29","0.75%","233","6.06%","901","23.41%","2,685","69.78%","1,099","38.94%","1,723","61.06%","1,196","42.38%","1,070","37.92%","556","19.7%","32,508.9172","1,093","321","29.37%","687.1580529","1,573","1,106","70.31%","1,451","51.42%","707","25.05%","121","4.29%","1,199","42.49%","166.600492","5.9%","652.1062871","23.11%","1,595.451008","56.54%","263.1188612","9.32%","180.7686833","6.41%","130.5551601","4.63%","2,822","707","25.05%","121","17.11%","538","76.1%","48","6.79%","744","26.36%","281","37.77%","402","54.03%","61","8.2%","1,371","48.58%","1,199","87.45%","172","12.55%","238","17.36%","42.9067872","-78.81813066","(42.9067872, -78.81813066)"
"Kenfield","East","17","KF","57.21%","85.7%","81.71%","15.77%","2.52%","26,700","37.58%","7,049","2,724","38.64%","4,325","61.36%","3,077","43.65%","1,568","22.24%","1,664","23.61%","740","10.5%","390","5.53%","6,370","90.37%","189","2.68%","18","0.26%","82","1.16%","3,555","3,142","88.38%","413","11.62%","342","9.62%","3,555","1,087","30.58%","1,449","40.76%","956","26.89%","63","1.77%","83","2.33%","60","1.69%","871","24.5%","2,541","71.48%","973","30.97%","2,169","69.03%","1,282","40.8%","1,249","39.75%","611","19.45%","53,622.71326","932","224","24.03%","508.4969325","1,964","893","45.47%","1,992","63.4%","1,177","37.46%","167","5.32%","1,050","33.42%","61.0659668","1.94%","435.8615307","13.87%","1,951.488922","62.11%","423.9959718","13.49%","227.0276939","7.23%","103.6258812","3.3%","3,142","1,177","37.46%","167","14.19%","947","80.46%","63","5.35%","815","25.94%","334","40.98%","367","45.03%","114","13.99%","1,150","36.6%","1,050","91.3%","100","8.7%","327","28.43%","42.92777931","-78.80875953","(42.92777931, -78.80875953)"
"First Ward","South","32","FW","51.54%","86.73%","84.7%","13.32%","1.97%","27,880","39.21%","1,971","822","41.7%","1,149","58.3%","796","40.39%","419","21.26%","509","25.82%","247","12.53%","1,555","78.89%","0","0%","375","19.03%","0","0%","41","2.08%","1,028","791","76.95%","237","23.05%","191","18.58%","1,013","477","47.09%","487","48.08%","49","4.84%","0","0%","25","2.43%","71","6.91%","125","12.16%","807","78.5%","494","62.45%","297","37.55%","210","26.55%","423","53.48%","158","19.97%","38,800","494","129","26.11%","611","269","165","61.34%","418","52.84%","223","28.19%","57","7.21%","315","39.82%","46.55301877","5.89%","234.2706383","29.62%","423.4374468","53.53%","87.51489362","11.06%","16.15659574","2.04%","29.62042553","3.74%","791","223","28.19%","57","25.56%","149","66.82%","17","7.62%","195","24.65%","159","81.54%","27","13.85%","9","4.62%","373","47.16%","315","84.45%","58","15.55%","117","31.37%","42.86596031","-78.85846723","(42.86596031, -78.85846723)"
"West Hertel","North","12","WH","54.19%","90.41%","87.92%","6.44%","5.64%","25,980","38.85%","4,293","2,300","53.58%","1,993","46.42%","1,622","37.78%","1,303","30.35%","1,024","23.85%","344","8.01%","1,622","37.78%","1,184","27.58%","1,066","24.83%","123","2.87%","298","6.94%","2,045","1,819","88.95%","226","11.05%","149","7.29%","2,034","683","33.58%","815","40.07%","448","22.03%","88","4.33%","0","0%","326","15.94%","793","38.78%","926","45.28%","564","31.01%","1,255","68.99%","520","28.59%","894","49.15%","405","22.26%","66,400","564","115","20.39%","589","1,176","539","45.83%","997","54.81%","459","25.23%","161","8.85%","671","36.89%","306.3445143","16.84%","468.5406215","25.76%","778.4039686","42.79%","175.7027331","9.66%","247.8906776","13.63%","148.4619993","8.16%","1,819","459","25.23%","161","35.08%","242","52.72%","56","12.2%","538","29.58%","240","44.61%","132","24.54%","166","30.86%","822","45.19%","671","81.63%","151","18.37%","196","23.84%","42.9511837","-78.88667344","(42.9511837, -78.88667344)"
"Ellicott","East","27","EL","61.82%","84.97%","82.9%","12.57%","4.53%","22,190","33.49%","2,944","1,395","47.38%","1,549","52.62%","1,048","35.6%","721","24.49%","804","27.31%","371","12.6%","787","26.73%","1,396","47.42%","529","17.97%","213","7.24%","19","0.65%","1,737","1,357","78.12%","380","21.88%","380","21.88%","1,737","491","28.27%","367","21.13%","475","27.35%","404","23.26%","172","9.9%","207","11.92%","243","13.99%","1,115","64.19%","359","26.46%","998","73.54%","577","42.52%","509","37.51%","271","19.97%","42,500","359","40","11.14%","408","847","397","46.87%","634","46.72%","291","21.44%","113","8.33%","707","52.1%","84.8125","6.25%","389.350211","28.69%","723.5901899","53.32%","97.33755274","7.17%","107.3575949","7.91%","39.36445148","2.9%","1,357","291","21.44%","113","38.83%","141","48.45%","37","12.71%","343","25.28%","137","39.94%","138","40.23%","68","19.83%","723","53.28%","707","97.79%","16","2.21%","189","26.14%","42.87529471","-78.85697711","(42.87529471, -78.85697711)"
"Masten Park","East","24","MP","48.79%","79.84%","88.13%","9.59%","2.28%","22,520","34.65%","6,318","2,633","41.67%","3,685","58.33%","2,118","33.52%","1,394","22.06%","1,618","25.61%","1,188","18.8%","264","4.18%","5,475","86.66%","410","6.49%","0","0%","169","2.67%","4,232","3,014","71.22%","1,218","28.78%","1,059","25.02%","4,202","1,342","31.94%","2,014","47.93%","394","9.38%","452","10.76%","401","9.48%","606","14.32%","759","17.93%","2,466","58.27%","1,170","38.82%","1,844","61.18%","1,087","36.07%","1,432","47.51%","495","16.42%","40,670.08547","1,161","294","25.32%","637.0799329","1,720","1,005","58.43%","1,419","47.08%","650","21.57%","104","3.45%","1,480","49.1%","163.1509972","5.41%","732.6890476","24.31%","1,579.479524","52.4%","354.5038095","11.76%","209.5447619","6.95%","137.7828571","4.57%","3,014","650","21.57%","104","16%","508","78.15%","38","5.85%","769","25.51%","288","37.45%","383","49.8%","98","12.74%","1,595","52.92%","1,480","92.79%","115","7.21%","611","38.31%","42.91095889","-78.85559776","(42.91095889, -78.85559776)"
"Grant-Amherst","North","9","GA","54.06%","81.42%","88.83%","7.21%","3.96%","24,385","47.85%","3,852","1,709","44.37%","2,143","55.63%","1,743","45.25%","1,136","29.49%","728","18.9%","245","6.36%","1,546","40.13%","631","16.38%","1,057","27.44%","465","12.07%","153","3.97%","2,123","1,603","75.51%","520","24.49%","356","16.77%","2,123","466","21.95%","1,051","49.51%","464","21.86%","142","6.69%","47","2.21%","94","4.43%","424","19.97%","1,558","73.39%","341","21.27%","1,262","78.73%","657","40.99%","679","42.36%","267","16.66%","52,000","341","50","14.66%","654","1,207","747","61.89%","831","51.84%","498","31.07%","253","15.78%","697","43.48%","333.7502596","20.82%","391.4390706","24.42%","809.4807966","50.5%","90.44902798","5.64%","210.5410147","13.13%","101.0900901","6.31%","1,603","498","31.07%","253","50.8%","205","41.16%","40","8.03%","333","20.77%","160","48.05%","90","27.03%","83","24.92%","772","48.16%","697","90.28%","75","9.72%","158","20.47%","42.93888061","-78.88860877","(42.93888061, -78.88860877)"
"Seneca Babcock","South","31","SB","61.67%","82.07%","89.71%","8.4%","1.89%","30,290","25.86%","2,425","1,174","48.41%","1,251","51.59%","892","36.78%","700","28.87%","645","26.6%","188","7.75%","1,942","80.08%","40","1.65%","346","14.27%","0","0%","97","4%","1,154","908","78.68%","246","21.32%","246","21.32%","1,154","495","42.89%","533","46.19%","126","10.92%","0","0%","0","0%","27","2.34%","127","11.01%","1,000","86.66%","515","56.72%","393","43.28%","274","30.18%","347","38.22%","287","31.61%","29,800","515","58","11.26%","649","393","206","52.42%","631","69.49%","325","35.79%","126","13.88%","194","21.37%","6.739793814","0.74%","177.6908023","19.57%","611.2563601","67.32%","76.40704501","8.41%","40.27658187","4.44%","2.369210698","0.26%","908","325","35.79%","126","38.77%","142","43.69%","57","17.54%","306","33.7%","199","65.03%","95","31.05%","12","3.92%","277","30.51%","194","70.04%","83","29.96%","61","22.02%","42.87017635","-78.83237689","(42.87017635, -78.83237689)"
"MLK Park","East","20","MLK","45.43%","84.62%","86.09%","13.91%","0%","20,480","37.04%","3,059","1,278","41.78%","1,781","58.22%","1,132","37.01%","594","19.42%","783","25.6%","550","17.98%","129","4.22%","2,855","93.33%","32","1.05%","0","0%","43","1.41%","1,987","1,555","78.26%","432","21.74%","247","12.43%","1,981","536","27.06%","1,080","54.52%","271","13.68%","94","4.75%","0","0%","210","10.57%","695","34.98%","1,082","54.45%","612","39.36%","943","60.64%","748","48.1%","644","41.41%","163","10.48%","33,800","575","114","19.83%","615","902","578","64.08%","863","55.5%","393","25.27%","0","0%","655","42.12%","8.641712978","0.56%","292.9242346","18.84%","990.9392839","63.73%","135.5682408","8.72%","83.92319668","5.4%","51.64504411","3.32%","1,555","393","25.27%","0","0%","354","90.08%","39","9.92%","470","30.23%","193","41.06%","204","43.4%","73","15.53%","692","44.5%","655","94.65%","37","5.35%","234","33.82%","42.90930777","-78.83478918","(42.90930777, -78.83478918)"
"Allentown","West","5","AT","78.49%","96.23%","84.02%","13.16%","2.82%","39,060","28.84%","3,363","1,840","54.71%","1,523","45.29%","1,031","30.66%","1,450","43.12%","679","20.19%","203","6.04%","2,582","76.78%","260","7.73%","292","8.68%","74","2.2%","155","4.61%","2,384","1,888","79.19%","496","20.81%","266","11.16%","2,384","488","20.47%","446","18.71%","899","37.71%","551","23.11%","0","0%","73","3.06%","386","16.19%","1,925","80.75%","557","29.5%","1,331","70.5%","477","25.26%","935","49.52%","476","25.21%","228,000","557","78","14%","762","1,277","664","52%","461","24.42%","154","8.16%","106","5.61%","1,119","59.27%","114.5263158","6.07%","127.9176672","6.78%","594.2504288","31.48%","165.1595197","8.75%","446.0926244","23.63%","554.5797599","29.37%","1,888","154","8.16%","106","68.83%","22","14.29%","26","16.88%","307","16.26%","241","78.5%","16","5.21%","50","16.29%","1,427","75.58%","1,119","78.42%","308","21.58%","80","5.61%","42.89855274","-78.87609162","(42.89855274, -78.87609162)"
"Kensington-Bailey","East","16","KB","56.41%","89.47%","82.11%","16.11%","1.78%","37,240","30.88%","14,098","6,250","44.33%","7,848","55.67%","5,682","40.3%","3,498","24.81%","3,395","24.08%","1,523","10.8%","887","6.29%","12,373","87.76%","206","1.46%","253","1.79%","379","2.69%","6,492","5,674","87.4%","818","12.6%","599","9.23%","6,492","3,594","55.36%","2,379","36.65%","465","7.16%","54","0.83%","13","0.2%","192","2.96%","1,460","22.49%","4,827","74.35%","2,568","45.26%","3,106","54.74%","1,583","27.9%","2,705","47.67%","1,386","24.43%","55,018.38006","2,560","595","23.24%","796.6855469","2,920","1,692","57.95%","3,292","58.02%","1,545","27.23%","320","5.64%","2,209","38.93%","214.515676","3.78%","893.3044202","15.74%","3,385.118108","59.66%","637.7856464","11.24%","340.4669677","6%","417.3248574","7.36%","5,674","1,545","27.23%","320","20.71%","1,063","68.8%","162","10.49%","1,747","30.79%","690","39.5%","842","48.2%","215","12.31%","2,382","41.98%","2,209","92.74%","173","7.26%","565","23.72%","42.93977645","-78.80988103","(42.93977645, -78.80988103)"
